First Name,Last Name,Email Address,Company,Position,Connected On
Alex,Thompson,alex.thompson@techcorp.com,TechCorp Solutions,Software Architect,15-Jan-2023
Emily,Chen,emily.chen@startupxyz.io,StartupXYZ,Founder & CEO,20-Feb-2023
Marcus,Williams,marcus.w@consultancy.com,Global Consultancy,Senior Consultant,10-Mar-2023
Sophia,Rodriguez,sophia.r@designstudio.com,Creative Design Studio,UX Designer,05-Apr-2023
Daniel,Kim,daniel.kim@fintech.io,FinTech Innovations,Product Lead,18-May-2023
Olivia,Patel,olivia.patel@healthtech.com,HealthTech Systems,CTO,22-Jun-2023
Nathan,Anderson,nathan.a@ecommerce.com,E-Commerce Giants,Engineering Manager,30-Jul-2023
Isabella,Martinez,isabella.m@airesearch.org,AI Research Labs,Research Scientist,12-Aug-2023
Ethan,White,ethan.white@cybersec.com,CyberSecurity Pro,Security Analyst,25-Sep-2023
Ava,Singh,ava.singh@cloudservices.io,Cloud Services Inc,Cloud Architect,08-Oct-2023
